Designator,Footprint,Quantity,Value,LCSC Part #
BT1,PinHeader_1x02_P2.54mm_Vertical,1,3.7V ~500mAh,
"C1, C10, C11, C16, C17, C18, C2, C3, C4, C8",0402,10,100n,C307331
"C12, C5, C6, C7, C9",0603,5,10u,C19702
"C13, C14, C15",0603,3,22u,C59461
"D1, D2, D3, D4, D5, D6, D7",LED_WS2812B_PLCC4_5.0x5.0mm_P3.2mm,7,WS2812B,C48586674
D8,D_SOD-323,1,B5819WS SL,C7420331
HTCC-AM1,HTCC-AM01,1,~,
J1,PinHeader_1x04_P2.54mm_Vertical,1,Display,
J3,USB_C_Receptacle_G-Switch_GT-USB-7010ASV,1,USB_C_Receptacle_USB2.0_16P,C2988369
L1,1008,1,1uH (2-3A saturation),C2849428
LDO1,UDFN-4-1EP_1x1mm_P0.65mm_EP0.48x0.48mm,1,WL9005D4-33,C5357206
"Q1, Q2",SOT-23,2,AO3400A,C20917
R1,0603,1,2.4k,C22940
"R10, R9",0402,2,1M,C26083
"R2, R3",0603,2,5.1k,C23186
R4,0603,1,220k,C22961
R5,0402,1,470R,C25117
R6,0603,1,510k,C23192
R7,0603,1,100k,C25803
"SW1, SW2, SW3, SW4",SW_TS31-46-35-BK-B-160-RA-SMT-TR,4,TS24CA,C393942
U1,Texas_RWU0007A_VQFN-7_2x2mm_P0.5mm,1,TPS61022,C915088
U2,SOT-23-5,1,TP4054,C32574
U3,SOT-666,1,USBLC6-2P6,C2827693
U4,SSOP-10-1EP_3.9x4.9mm_P1mm_EP2.1x3.3mm,1,CH340K,C968586
