Designator,Mid X,Mid Y,Rotation,Layer
BT1,132.6,-90.83,180.0,top
C1,132.8,-61.42,90.0,top
C10,131.0,-121.3,0.0,top
C11,151.9,-59.72,90.0,top
C12,134.4,-109.2,90.0,top
C13,140.6,-109.3,270.0,top
C14,143.0,-109.3,270.0,top
C15,145.4,-109.3,270.0,top
C16,134.6,-60.3,180.0,top
C17,132.8,-115.32,90.0,top
C18,138.0,-116.6,270.0,top
C2,132.88,-64.1,0.0,top
C3,151.48,-65.4,0.0,top
C4,151.42,-66.7,0.0,top
C5,138.2,-101.7,270.0,top
C6,133.5,-98.6,270.0,top
C7,131.5,-116.1,90.0,top
C8,131.2,-118.1,180.0,top
C9,130.7,-122.5,0.0,top
D1,143.0,-103.197222,180.0,top
D2,143.0,-96.727778,180.0,top
D3,143.0,-90.258333,180.0,top
D4,143.0,-83.788889,180.0,top
D5,143.0,-77.319444,180.0,top
D6,143.0,-70.85,180.0,top
D7,143.0,-64.380555,180.0,top
D8,143.2,-120.45,270.0,top
HTCC-AM1,143.0,-65.4,0.0,bottom
J1,143.079,-53.788,270.0,top
J3,143.0,-126.925,0.0,top
L1,134.8,-112.2,0.0,top
LDO1,131.4,-119.6,270.0,top
Q1,136.5,-61.4,0.0,top
Q2,136.4625,-57.95,0.0,top
R1,138.2,-95.5,270.0,top
R10,134.91,-101.6,0.0,top
R2,140.7,-121.3,0.0,top
R3,145.675,-121.1,180.0,top
R4,136.7,-105.4,180.0,top
R5,150.6,-62.9,180.0,top
R6,138.2,-106.9,180.0,top
R7,135.225,-106.9,180.0,top
R9,133.855,-102.6,0.0,top
SW1,155.3,-75.55,90.0,top
SW2,155.3,-81.516667,90.0,top
SW3,155.3,-87.483333,90.0,top
SW4,155.3,-93.45,90.0,top
U1,136.875,-109.25,180.0,top
U2,136.3375,-98.55,180.0,top
U3,133.4375,-125.3,90.0,top
U4,134.9,-120.0125,0.0,top
